schema,tbl,rows
audit,import_approval_decisions,1589
audit,import_run_logs,2688
audit,import_validation_results,1554371
audit,import_validation_rule_codes,13
audit,user_self_service_actions,0
brownfield,column_mappings,1225
brownfield,import_runs,902
brownfield,source_columns,1174
brownfield,source_exports,4
brownfield,source_tables,94
brownfield,source_watermarks,3
brownfield,table_mappings,97
brownfield,tenant_id_mappings,2
staging,legacy_rtl_occupations,0
staging,rtl_certifications,0
staging,rtl_employee_attendance,0
staging,rtl_employee_certifications,0
staging,rtl_employee_contracts,0
staging,rtl_employee_module_completions,11
staging,rtl_employee_skill_assessments,0
staging,rtl_employee_skill_profiles,0
staging,rtl_employee_skills,0
staging,rtl_employees,162
staging,rtl_org_units,0
staging,rtl_salary_band_assignments,0
staging,rtl_salary_bands,0
staging,rtl_tenant_custom_skills,0
staging,rtl_users,0
staging,tmp_d4_org_unit_kpis,100
staging,tmp_d4_org_unit_templates,225
staging,tmp_f2_bonus_pools,14
staging,tmp_f2_career_paths,32
staging,tmp_f2_gap_analysis,304
staging,tmp_f2_user_career_plans,128
staging,tmp_f2_user_documents,1089
staging,tmp_f3_ecp,40
staging,tmp_f3_jtc,207
staging,tmp_f3c_cpl,75
staging,tmp_f3c_cr,16
staging,tmp_f3c_sp,31
staging,tmp_f3c_ula,3393
staging,tmp_f4_ba,465
staging,tmp_f4_cr,208
staging,tmp_f4_ekt,412
staging,tmp_f4_gca,1045
staging,tmp_f4_gcp,65
staging,tmp_f4_km,0
staging,tmp_f4_or,14
staging,tmp_f4_pe,237
staging,tmp_f4_pew,15
staging,tmp_f4_sc,206
staging,tmp_f4_ts,264
staging,tmp_f4_vp,244
staging,tmp_w3_ces,717
staging,tmp_w3_courses,127
staging,tmp_w3_evidence,1928
staging,tmp_w3_lpc,124
staging,wave1_activity_classification_mappings,0
staging,wave1_activity_classifications,0
staging,wave1_blueprint_process_registry,0
staging,wave1_compensation_bands,0
staging,wave1_esco_occupation_mappings,0
staging,wave1_job_families,0
staging,wave1_job_roles,0
staging,wave1_learning_modules,0
staging,wave1_learning_path_steps,0
staging,wave1_learning_paths,0
staging,wave1_process_kpi_templates,0
staging,wave1_skill_aliases,0
staging,wave1_skill_categories,0
staging,wave1_skill_families,0
staging,wave1_skill_learning_mappings,0
staging,wave1_skill_taxonomy_edges,0
staging,wave1_skills,0
staging,wave1_user_certifications,0
sys,sys_activity_classification_mappings,5730
sys,sys_activity_classifications,6533
sys,sys_approval_requests,0
sys,sys_approval_steps,0
sys,sys_assessment_methods,5
sys,sys_assessment_results,1560
sys,sys_assessments,615
sys,sys_attendance,3180
sys,sys_auth_credentials,12
sys,sys_auth_identities,12
sys,sys_auth_login_events,75847
sys,sys_auth_mfa_exemption_audit,0
sys,sys_auth_mfa_exemptions,0
sys,sys_auth_mfa_factors,6
sys,sys_auth_mfa_otp_challenges,0
sys,sys_auth_mfa_policies,2
sys,sys_auth_mfa_recovery_codes,0
sys,sys_auth_mfa_webauthn_credentials,0
sys,sys_auth_password_reset_tokens,411
sys,sys_auth_permissions,154
sys,sys_auth_refresh_tokens,47594
sys,sys_auth_role_permissions,681
sys,sys_auth_roles,12
sys,sys_auth_sessions,0
sys,sys_behavioral_assessments,465
sys,sys_blueprint_activations,0
sys,sys_blueprint_families,1
sys,sys_blueprint_overrides,0
sys,sys_blueprint_process_registry,23
sys,sys_blueprint_variants,1
sys,sys_bonus_pools,6
sys,sys_branches,6
sys,sys_capability_maturity_scores,20
sys,sys_capability_score_lineage,316
sys,sys_capability_scores,317
sys,sys_career_path_steps,35
sys,sys_career_paths,28
sys,sys_compensation_bands,87
sys,sys_compensation_recommendations,116
sys,sys_content_blueprint_links,1
sys,sys_content_categories,0
sys,sys_content_documents,121
sys,sys_content_media,0
sys,sys_content_versions,132
sys,sys_continuous_feedback,474
sys,sys_critical_positions,8
sys,sys_critical_role_coverage_status,8
sys,sys_employee_position_fit_scores,146
sys,sys_engagement_action_plans,6
sys,sys_engagement_feedback,400
sys,sys_engagement_survey_responses,862
sys,sys_engagement_survey_templates,5
sys,sys_engagement_surveys,6
sys,sys_enterprise_size_bands,4
sys,sys_enterprise_typing_profiles,2
sys,sys_esco_occupation_embeddings,3045
sys,sys_esco_occupation_mappings,7675
sys,sys_feedback_360_responses,390
sys,sys_flight_risk_scores,159
sys,sys_gap_analysis_results,270
sys,sys_gap_closure_actions,440
sys,sys_gap_closure_plans,36
sys,sys_goal_alignments,100
sys,sys_goal_check_ins,1000
sys,sys_goal_comments,856
sys,sys_goal_milestones,1000
sys,sys_goal_templates,40
sys,sys_goal_updates,1811
sys,sys_goals,1067
sys,sys_inbox_notifications,50
sys,sys_job_families,27
sys,sys_job_role_embeddings,136
sys,sys_job_roles,136
sys,sys_kpi_assessment_methods,5
sys,sys_kpi_assessment_results,248
sys,sys_kpi_definitions,243
sys,sys_kpi_measurements,248
sys,sys_kpi_metric_definitions,243
sys,sys_kpi_targets,248
sys,sys_kpi_weighting_rules,3
sys,sys_leads,0
sys,sys_learning_gaps,270
sys,sys_learning_modules,7427
sys,sys_learning_path_steps,124
sys,sys_learning_paths,4667
sys,sys_leave_accrual_rules,20
sys,sys_leave_balance_transactions,20
sys,sys_mentor_match_scores,30
sys,sys_mentorship_programs,5
sys,sys_mentorship_sessions,150
sys,sys_mentorships,63
sys,sys_model_predictions,468
sys,sys_notification_preferences,0
sys,sys_objective_reward_rules,6
sys,sys_occupation_skill_requirements,126051
sys,sys_okr_check_ins,25
sys,sys_okr_key_results,20
sys,sys_okrs,20
sys,sys_operating_model_catalog,6
sys,sys_organization_hierarchies,0
sys,sys_organization_unit_history,0
sys,sys_organization_unit_kpi_templates,100
sys,sys_organization_unit_processes,105
sys,sys_organization_unit_templates,225
sys,sys_organization_unit_types,8
sys,sys_organization_units,26
sys,sys_overtime,221
sys,sys_payout_curves,0
sys,sys_payroll_handoff_records,0
sys,sys_performance_review_competency_ratings,465
sys,sys_performance_reviews,161
sys,sys_person_evidence_records,237
sys,sys_position_career_paths,40
sys,sys_position_compensation_profiles,159
sys,sys_position_economic_weight,24
sys,sys_position_kpi_requirements,172
sys,sys_position_learning_requirements,1791
sys,sys_position_skill_requirement_history,0
sys,sys_position_skill_requirements,844
sys,sys_position_succession_relevance,9
sys,sys_positions,162
sys,sys_predictive_models,4
sys,sys_process_kpi_templates,0
sys,sys_pulse_checks,733
sys,sys_readiness_scores,90
sys,sys_reconciliation_registry,115
sys,sys_reward_gate_catalog,7
sys,sys_reward_gate_results,0
sys,sys_reward_gates,0
sys,sys_schema_migrations,151
sys,sys_seed_acquisition_runs,0
sys,sys_seed_approval_decisions,0
sys,sys_seed_candidate_records,0
sys,sys_seed_source_evidence,0
sys,sys_seed_validation_results,0
sys,sys_skill_aliases,80
sys,sys_skill_categories,7
sys,sys_skill_embeddings,21939
sys,sys_skill_families,77
sys,sys_skill_gap_scores,154
sys,sys_skill_learning_mappings,635
sys,sys_skill_proficiency_levels,6
sys,sys_skill_taxonomy_edges,11965
sys,sys_skills,21939
sys,sys_source_lineage_records,70972
sys,sys_succession_pools,17
sys,sys_succession_readiness_scores,462
sys,sys_succession_scores,90
sys,sys_successor_candidates,25
sys,sys_successor_readiness,0
sys,sys_survey_assignments,8
sys,sys_survey_questions,21
sys,sys_survey_responses,3792
sys,sys_survey_templates,2
sys,sys_surveys,8
sys,sys_talent_scores,154
sys,sys_team_members,176
sys,sys_teams,24
sys,sys_tenancies,2
sys,sys_time_off_balances,494
sys,sys_time_off_requests,69
sys,sys_training_initiatives,1
sys,sys_ui_interfaces,47
sys,sys_user_assessment_evidence,1560
sys,sys_user_auth_roles,329
sys,sys_user_career_plans,113
sys,sys_user_certifications,420
sys,sys_user_documents,657
sys,sys_user_education_records,157
sys,sys_user_kpi_evidence,248
sys,sys_user_learning_assignments,1990
sys,sys_user_learning_evidence,1434
sys,sys_user_position_assignments,160
sys,sys_user_preferences,4
sys,sys_user_professional_experiences,0
sys,sys_user_profile_embeddings,156
sys,sys_user_profiles,157
sys,sys_user_skill_evidence,902
sys,sys_user_target_positions,0
sys,sys_users,162
sys,sys_variable_pay_calculations,121
sys,sys_visualization_edges,157
sys,sys_visualization_exports,0
sys,sys_visualization_graphs,1
sys,sys_visualization_layouts,0
sys,sys_visualization_node_layouts,0
sys,sys_visualization_nodes,158
sys,sys_visualization_styles,0
