operating_model_code,operating_model_name,operating_model_description,taxonomy_family,source_url
RETAIL,Retail,Sells finished goods directly to end consumers through physical stores and/or e-commerce; value created by transforming and distributing standardized products at scale.,SECTOR_VALUE_DELIVERY,https://en.wikipedia.org/wiki/Operating_model
WHOLESALE,Wholesale,Sells goods in bulk to resellers, retailers and institutional buyers rather than to end consumers; margin driven by volume and distribution efficiency.,SECTOR_VALUE_DELIVERY,https://en.wikipedia.org/wiki/Operating_model
MIXED,Mixed retail + wholesale,Hybrid channel model serving both end consumers (retail) and resellers/institutional buyers (wholesale) from a shared product and supply base.,SECTOR_VALUE_DELIVERY,https://en.wikipedia.org/wiki/Operating_model
B2B_SERVICES,B2B services,Delivers professional or managed services to other businesses; a value-shop configuration that schedules resources to solve client-specific problems.,VALUE_CONFIGURATION_SHOP,https://en.wikipedia.org/wiki/Value_shop
PUBLIC_SECTOR,Public sector,Government and public-administration operating model delivering regulated services to citizens; mandate- and compliance-driven rather than market-driven.,SECTOR_VALUE_DELIVERY,https://en.wikipedia.org/wiki/Operating_model
MANUFACTURING,Manufacturing,Transforms raw materials and components into finished goods; a value-chain configuration optimized for throughput, quality and cost of production.,VALUE_CONFIGURATION_CHAIN,https://www.researchgate.net/publication/239579622_Chains_Shops_and_Networks_The_Logic_of_Organizational_Value
COORDINATION,Coordination,"MIT CISR operating model: low process standardization, high process integration; autonomous business units share customer, product or supplier data while retaining local process control.",MIT_CISR_QUADRANT,https://cisr.mit.edu/publication/2005_12_3C_OperatingModels
UNIFICATION,Unification,"MIT CISR operating model: high process standardization and high integration; a canonical set of shared processes and data executed across all business units.",MIT_CISR_QUADRANT,https://cisr.mit.edu/publication/2005_12_3C_OperatingModels
DIVERSIFICATION,Diversification,"MIT CISR operating model: low standardization and low integration; business units operate independently with few shared customers, suppliers or processes (holding-company style).",MIT_CISR_QUADRANT,https://cisr.mit.edu/publication/2005_12_3C_OperatingModels
REPLICATION,Replication,"MIT CISR operating model: high process standardization, low integration; a proven business template replicated across independent units (e.g. franchises, replicated facilities).",MIT_CISR_QUADRANT,https://cisr.mit.edu/publication/2005_12_3C_OperatingModels
VALUE_CHAIN,Value chain,Stabell & Fjeldstad value configuration that creates value by transforming inputs into standardized products through a fixed sequence of primary activities.,VALUE_CONFIGURATION,https://en.wikipedia.org/wiki/Value_shop
VALUE_SHOP,Value shop,Stabell & Fjeldstad value configuration that creates value by mobilizing resources and expertise to resolve unique client problems (consultancies, law firms, R&D, hospitals).,VALUE_CONFIGURATION,https://en.wikipedia.org/wiki/Value_shop
VALUE_NETWORK,Value network,Stabell & Fjeldstad value configuration that creates value by mediating exchanges and connections between members of a customer network (telecoms, banks, insurers, marketplaces).,VALUE_CONFIGURATION,https://en.wikipedia.org/wiki/Value_shop
D2C,Direct-to-consumer,Brand sells its own products directly to end consumers via owned web, app and stores, removing wholesale/retail intermediaries to own the customer relationship.,GO_TO_MARKET,https://www.salesforce.com/commerce/direct-to-consumer/guide/
MARKETPLACE,Marketplace platform,Two-sided platform that brings buyers and sellers together for trade via a self-service product; monetizes transactions, listings and take-rate rather than owning inventory.,GO_TO_MARKET,https://nealcabage.com/framework/business-model-archetypes/
SUBSCRIPTION,Subscription / SaaS,Provides continued access to a product or service for a recurring fee, with ongoing updates, support and improvement over the customer lifetime.,GO_TO_MARKET,https://nealcabage.com/framework/business-model-archetypes/
OMNICHANNEL,Omnichannel,Sells through multiple connected channels (own site, marketplaces, physical stores, social) as one integrated experience with shared inventory and customer data.,GO_TO_MARKET,https://www.salesforce.com/commerce/direct-to-consumer/guide/
FRANCHISE,Franchise,Replication model in which a proven business format, brand and process template are licensed to independent operators who run standardized local units.,GO_TO_MARKET,https://cisr.mit.edu/publication/2005_12_3C_OperatingModels
ECOMMERCE,E-commerce,Online-first retail operating model selling physical or digital goods through web and mobile storefronts with digital fulfillment and logistics.,GO_TO_MARKET,https://www.channelengine.com/en/blog/what-is-d2c-direct-to-consumer-e-commerce
PLATFORM,Platform / ecosystem,Operating model that orchestrates an ecosystem of complementors and users, creating value through network effects rather than linear production.,GO_TO_MARKET,https://nealcabage.com/framework/business-model-archetypes/
INTEGRATED,Integrated enterprise,"Wrigley/Rumelt corporate model: a single business with centralized strategy and tightly shared operations (e.g. McDonald's, Harley-Davidson).",CORPORATE_STRATEGY,https://en.wikipedia.org/wiki/Operating_model
ALLIED_RELATED,Allied-related,"Wrigley/Rumelt corporate model: complementary businesses sharing support functions and capabilities (e.g. Canon, Procter & Gamble).",CORPORATE_STRATEGY,https://en.wikipedia.org/wiki/Operating_model
ALLIED_UNRELATED,Allied-unrelated,Wrigley/Rumelt corporate model: autonomous businesses that share a portable capability leveraged across otherwise unrelated markets.,CORPORATE_STRATEGY,https://en.wikipedia.org/wiki/Operating_model
HOLDING_COMPANY,Holding company,"Wrigley/Rumelt corporate model: a portfolio of unrelated businesses linked only by ownership, each with independent functions and strategy.",CORPORATE_STRATEGY,https://en.wikipedia.org/wiki/Operating_model
PROFESSIONAL_SERVICES,Professional services,Knowledge-intensive value-shop model billing client engagements by time, expertise and outcome (consulting, legal, audit, engineering).,VALUE_CONFIGURATION_SHOP,https://en.wikipedia.org/wiki/Value_shop
NONPROFIT,Nonprofit / NGO,Mission-driven operating model delivering social or charitable value funded by grants, donations and membership rather than commercial profit.,SECTOR_VALUE_DELIVERY,https://en.wikipedia.org/wiki/Operating_model
COOPERATIVE,Cooperative / mutual,Member-owned operating model that distributes value to its members rather than external shareholders (credit unions, agricultural co-ops, mutuals).,SECTOR_VALUE_DELIVERY,https://en.wikipedia.org/wiki/Operating_model
LICENSING,Licensing / IP,Monetizes intellectual property, brand or technology by licensing usage rights to third parties rather than producing end products directly.,GO_TO_MARKET,https://nealcabage.com/framework/business-model-archetypes/
SHARED_SERVICES,Shared services,Internal operating model that consolidates common functions (HR, finance, IT) into a centralized unit serving multiple business units at scale.,CORPORATE_STRATEGY,https://cisr.mit.edu/publication/2005_12_3C_OperatingModels
