skill_family_code,skill_family_name,skill_family_description,skill_family_metadata,source_url
ISCO::5,Service and Sales Workers,"ISCO-08 Major Group 5 — workers providing personal and protective services, and selling goods in wholesale or retail establishments.","{""taxonomy"": ""ISCO-08"", ""level"": ""major_group""}",https://isco-ilo.netlify.app/en/isco-08/
ISCO::6,"Skilled Agricultural, Forestry and Fishery Workers","ISCO-08 Major Group 6 — workers growing and harvesting crops, breeding animals, and producing forestry and fishery products for market and subsistence.","{""taxonomy"": ""ISCO-08"", ""level"": ""major_group""}",https://isco-ilo.netlify.app/en/isco-08/
ISCO::7,Craft and Related Trades Workers,"ISCO-08 Major Group 7 — workers applying specific knowledge and skills in building, metalwork, handicraft, printing, and electrical and electronic trades.","{""taxonomy"": ""ISCO-08"", ""level"": ""major_group""}",https://isco-ilo.netlify.app/en/isco-08/
ISCO::8,"Plant and Machine Operators, and Assemblers","ISCO-08 Major Group 8 — workers operating and monitoring industrial machinery and equipment, and assembling products from component parts.","{""taxonomy"": ""ISCO-08"", ""level"": ""major_group""}",https://isco-ilo.netlify.app/en/isco-08/
ISCO::9,Elementary Occupations,"ISCO-08 Major Group 9 — workers performing simple and routine tasks requiring mainly hand-held tools and physical effort.","{""taxonomy"": ""ISCO-08"", ""level"": ""major_group""}",https://isco-ilo.netlify.app/en/isco-08/
ISCO::22,Health Professionals,"ISCO-08 Sub-Major Group 22 — professionals conducting research and applying scientific concepts in medicine, nursing, dentistry, pharmacy, and public health.","{""taxonomy"": ""ISCO-08"", ""level"": ""sub_major_group""}",https://www.ilo.org/publications/international-standard-classification-occupations-2008-isco-08-structure
ISCO::23,Teaching Professionals,"ISCO-08 Sub-Major Group 23 — professionals teaching theory and practice at various educational levels and providing educational guidance.","{""taxonomy"": ""ISCO-08"", ""level"": ""sub_major_group""}",https://www.ilo.org/publications/international-standard-classification-occupations-2008-isco-08-structure
ISCO::26,"Legal, Social and Cultural Professionals","ISCO-08 Sub-Major Group 26 — professionals in law, social sciences, religion, and the arts and culture.","{""taxonomy"": ""ISCO-08"", ""level"": ""sub_major_group""}",https://www.ilo.org/publications/international-standard-classification-occupations-2008-isco-08-structure
ISCO::31,Science and Engineering Associate Professionals,"ISCO-08 Sub-Major Group 31 — technicians performing technical tasks in physical sciences, engineering, and related fields.","{""taxonomy"": ""ISCO-08"", ""level"": ""sub_major_group""}",https://www.ilo.org/publications/international-standard-classification-occupations-2008-isco-08-structure
ISCO::32,Health Associate Professionals,"ISCO-08 Sub-Major Group 32 — associate professionals supporting the prevention, treatment, and rehabilitation of illness and injury.","{""taxonomy"": ""ISCO-08"", ""level"": ""sub_major_group""}",https://www.ilo.org/publications/international-standard-classification-occupations-2008-isco-08-structure
ISCO::34,"Legal, Social, Cultural and Related Associate Professionals","ISCO-08 Sub-Major Group 34 — associate professionals supporting legal, social, sports, artistic, and religious activities.","{""taxonomy"": ""ISCO-08"", ""level"": ""sub_major_group""}",https://www.ilo.org/publications/international-standard-classification-occupations-2008-isco-08-structure
ISCO::35,Information and Communications Technicians,"ISCO-08 Sub-Major Group 35 — technicians supporting the operation, maintenance, and use of ICT systems, networks, and applications.","{""taxonomy"": ""ISCO-08"", ""level"": ""sub_major_group""}",https://www.ilo.org/publications/international-standard-classification-occupations-2008-isco-08-structure
ISCO::42,Customer Services Clerks,"ISCO-08 Sub-Major Group 42 — clerks dealing directly with clients regarding money-handling, travel, information, and appointments.","{""taxonomy"": ""ISCO-08"", ""level"": ""sub_major_group""}",https://www.ilo.org/publications/international-standard-classification-occupations-2008-isco-08-structure
ISCO::44,Other Clerical Support Workers,"ISCO-08 Sub-Major Group 44 — clerks performing recording, filing, mail-handling, and other general office support tasks.","{""taxonomy"": ""ISCO-08"", ""level"": ""sub_major_group""}",https://www.ilo.org/publications/international-standard-classification-occupations-2008-isco-08-structure
ISCO::51,Personal Service Workers,"ISCO-08 Sub-Major Group 51 — workers providing personal services related to travel, housekeeping, catering, personal care, and companionship.","{""taxonomy"": ""ISCO-08"", ""level"": ""sub_major_group""}",https://www.ilo.org/publications/international-standard-classification-occupations-2008-isco-08-structure
ISCO::52,Sales Workers,"ISCO-08 Sub-Major Group 52 — workers selling and demonstrating goods in wholesale and retail establishments and at stalls and markets.","{""taxonomy"": ""ISCO-08"", ""level"": ""sub_major_group""}",https://www.ilo.org/publications/international-standard-classification-occupations-2008-isco-08-structure
ISCO::53,Personal Care Workers,"ISCO-08 Sub-Major Group 53 — workers providing personal care and assistance in health and social services for children, the elderly, and the sick.","{""taxonomy"": ""ISCO-08"", ""level"": ""sub_major_group""}",https://www.ilo.org/publications/international-standard-classification-occupations-2008-isco-08-structure
ISCO::54,Protective Services Workers,"ISCO-08 Sub-Major Group 54 — workers protecting individuals and property against fire, crime, and other hazards.","{""taxonomy"": ""ISCO-08"", ""level"": ""sub_major_group""}",https://www.ilo.org/publications/international-standard-classification-occupations-2008-isco-08-structure
ISCO::71,"Building and Related Trades Workers (excluding Electricians)","ISCO-08 Sub-Major Group 71 — workers constructing, maintaining, and repairing buildings and related structures.","{""taxonomy"": ""ISCO-08"", ""level"": ""sub_major_group""}",https://www.ilo.org/publications/international-standard-classification-occupations-2008-isco-08-structure
ISCO::72,"Metal, Machinery and Related Trades Workers","ISCO-08 Sub-Major Group 72 — workers forming, casting, welding, and machining metal, and fitting and maintaining machinery.","{""taxonomy"": ""ISCO-08"", ""level"": ""sub_major_group""}",https://www.ilo.org/publications/international-standard-classification-occupations-2008-isco-08-structure
ISCO::74,Electrical and Electronic Trades Workers,"ISCO-08 Sub-Major Group 74 — workers installing and maintaining electrical wiring, machinery, and electronic equipment.","{""taxonomy"": ""ISCO-08"", ""level"": ""sub_major_group""}",https://www.ilo.org/publications/international-standard-classification-occupations-2008-isco-08-structure
ISCO::81,Stationary Plant and Machine Operators,"ISCO-08 Sub-Major Group 81 — workers operating and monitoring stationary industrial plant and machinery.","{""taxonomy"": ""ISCO-08"", ""level"": ""sub_major_group""}",https://www.ilo.org/publications/international-standard-classification-occupations-2008-isco-08-structure
ISCO::83,Drivers and Mobile Plant Operators,"ISCO-08 Sub-Major Group 83 — workers driving and operating trains, motor vehicles, and mobile machinery.","{""taxonomy"": ""ISCO-08"", ""level"": ""sub_major_group""}",https://www.ilo.org/publications/international-standard-classification-occupations-2008-isco-08-structure
ISCO::91,Cleaners and Helpers,"ISCO-08 Sub-Major Group 91 — workers performing cleaning and housekeeping tasks in homes and commercial establishments.","{""taxonomy"": ""ISCO-08"", ""level"": ""sub_major_group""}",https://www.ilo.org/publications/international-standard-classification-occupations-2008-isco-08-structure
ESCO::working_with_computers,Working with Computers,"ESCO top-level skill group — using computers and digital technologies, programming, and managing information and data.","{""taxonomy"": ""ESCO"", ""level"": ""skill_group_l1"", ""reusability"": ""cross-sectoral""}",https://esco.ec.europa.eu/en/classification/skill_main
ESCO::information_skills,Information Skills,"ESCO top-level skill group — collecting, processing, storing, and analysing information and documentation.","{""taxonomy"": ""ESCO"", ""level"": ""skill_group_l1"", ""reusability"": ""cross-sectoral""}",https://esco.ec.europa.eu/en/classification/skill_main
ESCO::management_skills,Management Skills,"ESCO top-level skill group — managing activities, resources, people, and organisations.","{""taxonomy"": ""ESCO"", ""level"": ""skill_group_l1"", ""reusability"": ""cross-sectoral""}",https://esco.ec.europa.eu/en/classification/skill_main
ESCO::handling_and_moving,Handling and Moving,"ESCO top-level skill group — handling, moving, loading, and transporting objects, materials, and goods.","{""taxonomy"": ""ESCO"", ""level"": ""skill_group_l1"", ""reusability"": ""cross-sectoral""}",https://esco.ec.europa.eu/en/classification/skill_main
ESCO::working_with_machinery,Working with Machinery and Specialized Equipment,"ESCO top-level skill group — operating, monitoring, and maintaining machinery, tools, and specialized equipment.","{""taxonomy"": ""ESCO"", ""level"": ""skill_group_l1"", ""reusability"": ""cross-sectoral""}",https://esco.ec.europa.eu/en/classification/skill_main
ESCO::transversal_skills,Transversal Skills and Competences,"ESCO sub-classification — core competences relevant across a broad range of occupations and economic sectors, including thinking, communication, and self-management.","{""taxonomy"": ""ESCO"", ""level"": ""sub_classification"", ""reusability"": ""transversal""}",https://esco.ec.europa.eu/en/about-esco/escopedia/escopedia/transversal-knowledge-skills-and-competences
ESCO::language_skills,Language Skills and Knowledge,"ESCO sub-classification — understanding, speaking, reading, and writing in mother tongue and foreign languages.","{""taxonomy"": ""ESCO"", ""level"": ""sub_classification"", ""reusability"": ""transversal""}",https://esco.ec.europa.eu/en/classification/skill_main
ESCO::knowledge,Knowledge,"ESCO sub-classification — bodies of facts, principles, theories, and practices related to a field of work or study.","{""taxonomy"": ""ESCO"", ""level"": ""sub_classification"", ""reusability"": ""sector-specific""}",https://esco.ec.europa.eu/en/classification/skill_main
ESCO::assisting_and_caring,Assisting and Caring,"ESCO top-level skill group — providing assistance, care, and support services to individuals and groups.","{""taxonomy"": ""ESCO"", ""level"": ""skill_group_l1"", ""reusability"": ""cross-sectoral""}",https://esco.ec.europa.eu/en/classification/skill_main
ESCO::constructing,Constructing,"ESCO top-level skill group — building, installing, and maintaining structures, systems, and infrastructure.","{""taxonomy"": ""ESCO"", ""level"": ""skill_group_l1"", ""reusability"": ""cross-sectoral""}",https://esco.ec.europa.eu/en/classification/skill_main
