esco_label,isco_code,isco_group_uri,confidence,metadata_description_en,metadata_parent_uri,source_url
software developer,2512,http://data.europa.eu/esco/isco/C2512,1.000,Software developers write and maintain the source code of computer applications using programming languages and tools.,http://data.europa.eu/esco/isco/C251,https://esco.ec.europa.eu/en/classification/occupation?uri=http://data.europa.eu/esco/isco/C251
systems analyst,2511,http://data.europa.eu/esco/isco/C2511,1.000,Systems analysts research and evaluate user ICT system requirements and design solutions to meet business needs.,http://data.europa.eu/esco/isco/C251,https://esco.ec.europa.eu/en/classification/occupation?uri=http://data.europa.eu/esco/isco/C251
applications programmer,2514,http://data.europa.eu/esco/isco/C2514,1.000,Applications programmers write and maintain programmatic code from instructions and specifications for software applications.,http://data.europa.eu/esco/isco/C251,https://esco.ec.europa.eu/en/classification/occupation?uri=http://data.europa.eu/esco/isco/C251
web and multimedia developer,2513,http://data.europa.eu/esco/isco/C2513,1.000,Web and multimedia developers combine design and technical knowledge to research, analyse, evaluate, design and modify websites and applications.,http://data.europa.eu/esco/isco/C251,https://esco.ec.europa.eu/en/classification/occupation?uri=http://data.europa.eu/esco/isco/C251
database designer and administrator,2521,http://data.europa.eu/esco/isco/C2521,1.000,Database designers and administrators design, develop, control, maintain and support the optimal performance and security of databases.,http://data.europa.eu/esco/isco/C252,https://esco.ec.europa.eu/en/classification/occupation?uri=http://data.europa.eu/esco/isco/C252
accountant,2411,http://data.europa.eu/esco/isco/C2411,1.000,Accountants plan, organise and administer accounting systems for individuals and establishments and audit financial records.,http://data.europa.eu/esco/isco/C241,https://esco.ec.europa.eu/en/classification/occupation?uri=http://data.europa.eu/esco/isco/C241
finance manager,1211,http://data.europa.eu/esco/isco/C1211,1.000,Finance managers plan, direct and coordinate the financial operations of an enterprise or organisation.,http://data.europa.eu/esco/isco/C121,https://esco.ec.europa.eu/en/classification/occupation?uri=http://data.europa.eu/esco/isco/C121
human resource manager,1212,http://data.europa.eu/esco/isco/C1212,1.000,Human resource managers plan, direct and coordinate policies concerning the personnel, industrial relations and occupational health and safety activities of an enterprise.,http://data.europa.eu/esco/isco/C121,https://esco.ec.europa.eu/en/classification/occupation?uri=http://data.europa.eu/esco/isco/C121
ICT service manager,1330,http://data.europa.eu/esco/isco/C1330,1.000,ICT service managers plan, direct and coordinate the acquisition, development, maintenance and use of computer and telecommunication systems.,http://data.europa.eu/esco/isco/C133,https://esco.ec.europa.eu/en/classification/occupation?uri=http://data.europa.eu/esco/isco/C133
management and organisation analyst,2421,http://data.europa.eu/esco/isco/C2421,1.000,Management and organisation analysts assist organisations to achieve greater efficiency and solve organisational problems.,http://data.europa.eu/esco/isco/C242,https://esco.ec.europa.eu/en/classification/occupation?uri=http://data.europa.eu/esco/isco/C242
advertising and marketing professional,2431,http://data.europa.eu/esco/isco/C2431,1.000,Advertising and marketing professionals develop and coordinate advertising strategies and campaigns and other marketing activities.,http://data.europa.eu/esco/isco/C243,https://esco.ec.europa.eu/en/classification/occupation?uri=http://data.europa.eu/esco/isco/C243
civil engineer,2142,http://data.europa.eu/esco/isco/C2142,1.000,Civil engineers conduct research and design, plan and direct the construction of buildings, infrastructure and other civil works.,http://data.europa.eu/esco/isco/C214,https://esco.ec.europa.eu/en/classification/occupation?uri=http://data.europa.eu/esco/isco/C214
mechanical engineer,2144,http://data.europa.eu/esco/isco/C2144,1.000,Mechanical engineers conduct research and design, develop and oversee the manufacture and maintenance of machines and mechanical installations.,http://data.europa.eu/esco/isco/C214,https://esco.ec.europa.eu/en/classification/occupation?uri=http://data.europa.eu/esco/isco/C214
electrical engineer,2151,http://data.europa.eu/esco/isco/C2151,1.000,Electrical engineers conduct research and design, develop and supervise the manufacture, installation and maintenance of electrical systems.,http://data.europa.eu/esco/isco/C215,https://esco.ec.europa.eu/en/classification/occupation?uri=http://data.europa.eu/esco/isco/C215
graphic and multimedia designer,2166,http://data.europa.eu/esco/isco/C2166,1.000,Graphic and multimedia designers create visual concepts and designs for communication via print, electronic and multimedia.,http://data.europa.eu/esco/isco/C216,https://esco.ec.europa.eu/en/classification/occupation?uri=http://data.europa.eu/esco/isco/C216
generalist medical practitioner,2211,http://data.europa.eu/esco/isco/C2211,1.000,Generalist medical practitioners diagnose, treat and prevent illness, disease and injury without limiting practice to a particular specialty.,http://data.europa.eu/esco/isco/C221,https://esco.ec.europa.eu/en/classification/occupation?uri=http://data.europa.eu/esco/isco/C221
nursing professional,2221,http://data.europa.eu/esco/isco/C2221,1.000,Nursing professionals provide treatment, support and care services for people in need of nursing care.,http://data.europa.eu/esco/isco/C222,https://esco.ec.europa.eu/en/classification/occupation?uri=http://data.europa.eu/esco/isco/C222
primary school teacher,2341,http://data.europa.eu/esco/isco/C2341,1.000,Primary school teachers teach a range of subjects at the primary education level.,http://data.europa.eu/esco/isco/C234,https://esco.ec.europa.eu/en/classification/occupation?uri=http://data.europa.eu/esco/isco/C234
lawyer,2611,http://data.europa.eu/esco/isco/C2611,1.000,Lawyers advise clients on legal matters, represent them in legal proceedings and draft legal documents.,http://data.europa.eu/esco/isco/C261,https://esco.ec.europa.eu/en/classification/occupation?uri=http://data.europa.eu/esco/isco/C261
economist,2631,http://data.europa.eu/esco/isco/C2631,1.000,Economists conduct research, monitor data, analyse information and prepare reports on economic relationships.,http://data.europa.eu/esco/isco/C263,https://esco.ec.europa.eu/en/classification/occupation?uri=http://data.europa.eu/esco/isco/C263
sales and marketing manager,1221,http://data.europa.eu/esco/isco/C1221,1.000,Sales and marketing managers plan, direct and coordinate the sales and marketing activities of an enterprise.,http://data.europa.eu/esco/isco/C122,https://esco.ec.europa.eu/en/classification/occupation?uri=http://data.europa.eu/esco/isco/C122
chief executive,1120,http://data.europa.eu/esco/isco/C1120,1.000,Chief executives and senior officials formulate and review the policies and plan, direct and coordinate the general functioning of an organisation.,http://data.europa.eu/esco/isco/C112,https://esco.ec.europa.eu/en/classification/occupation?uri=http://data.europa.eu/esco/isco/C112
business services and administration manager,1219,http://data.europa.eu/esco/isco/C1219,1.000,Business services and administration managers plan, organise and control the administration and business support services of organisations.,http://data.europa.eu/esco/isco/C121,https://esco.ec.europa.eu/en/classification/occupation?uri=http://data.europa.eu/esco/isco/C121
financial and investment adviser,2412,http://data.europa.eu/esco/isco/C2412,1.000,Financial and investment advisers develop financial plans for individuals and organisations and invest and manage funds on their behalf.,http://data.europa.eu/esco/isco/C241,https://esco.ec.europa.eu/en/classification/occupation?uri=http://data.europa.eu/esco/isco/C241
telecommunications engineer,2153,http://data.europa.eu/esco/isco/C2153,1.000,Telecommunications engineers design and oversee the construction and installation of telecommunications equipment and facilities.,http://data.europa.eu/esco/isco/C215,https://esco.ec.europa.eu/en/classification/occupation?uri=http://data.europa.eu/esco/isco/C215
university and higher education teacher,2310,http://data.europa.eu/esco/isco/C2310,1.000,University and higher education teachers prepare and deliver lectures and conduct tutorials in academic and vocational subjects above secondary level.,http://data.europa.eu/esco/isco/C231,https://esco.ec.europa.eu/en/classification/occupation?uri=http://data.europa.eu/esco/isco/C231
