skill_category_code,skill_category_name,skill_category_description,family_code_hint,source_url
ESCO-SG-COMM,"Communication, collaboration and creativity","ESCO skill group covering communicating, collaborating, liaising and networking with others plus creative skills and competences.",OLDDB::esco_skill_groups::987d59e7-752d-4a96-9d77-db82b3d7a277,https://esco.ec.europa.eu/en/classification/skill_main
ESCO-SG-INFO,"Information skills","ESCO skill group covering searching, processing, analysing, monitoring and documenting information and knowledge.",OLDDB::esco_skill_groups::6a22f818-e88d-4871-a2fe-1c1bb4a4c18c,https://esco.ec.europa.eu/en/classification/skill_main
ESCO-SG-COMPUTERS,"Working with computers","ESCO skill group covering use of digital tools, programming, operating digital systems and processing digital data.",OLDDB::esco_skill_groups::1d253a43-08e4-4257-8c4a-4457793b2a45,https://esco.ec.europa.eu/en/classification/skill_main
ESCO-SG-MGMT,"Management skills","ESCO skill group covering managing activities, resources, people, finance and organisational processes.",OLDDB::esco_skill_groups::18c28f22-30d2-4902-a89e-7f2909396995,https://esco.ec.europa.eu/en/classification/skill_main
ESCO-SG-ASSIST-CARE,"Assisting and caring","ESCO skill group covering providing support, assistance and care to people and communities.",OLDDB::esco_skill_groups::e9fe2416-9021-459c-89f6-23c5452b675d,https://esco.ec.europa.eu/en/classification/skill_main
ESCO-SG-CONSTRUCT,"Constructing","ESCO skill group covering building, erecting and finishing physical structures and installations.",OLDDB::esco_skill_groups::925d2120-1457-4ada-b363-f1738a397ee4,https://esco.ec.europa.eu/en/classification/skill_main
ESCO-SG-HANDLE-MOVE,"Handling and moving","ESCO skill group covering moving, lifting, transporting and physically handling objects and materials.",OLDDB::esco_skill_groups::3b44d362-3990-4f69-b25c-336e5b8b7257,https://esco.ec.europa.eu/en/classification/skill_main
ESCO-SG-MACHINERY,"Working with machinery and specialised equipment","ESCO skill group covering operating, controlling and maintaining machinery and specialised equipment.",OLDDB::esco_skill_groups::228c32f7-5a65-459a-8408-8ff9ea934ef1,https://esco.ec.europa.eu/en/classification/skill_main
ESCO-SG-LANGUAGE,"Language skills and knowledge","ESCO skill group covering understanding and using spoken and written language(s).",OLDDB::esco_skill_groups::94a2a909-8d00-4819-aded-5d945755f648,https://esco.ec.europa.eu/en/about-esco/escopedia/escopedia/skills-pillar
ESCO-TSC-CORE,"Core skills and competences","ESCO transversal Level-1 category: foundational literacy, numeracy and digital core skills applicable across all contexts.",BUS-MGT,https://esco.ec.europa.eu/en/about-esco/escopedia/escopedia/transversal-knowledge-skills-and-competences
ESCO-TSC-THINKING,"Thinking skills and competences","ESCO transversal Level-1 category: critical thinking, analytical thinking, problem solving, creativity and decision making.",BUS-STRAT,https://esco.ec.europa.eu/en/about-esco/escopedia/escopedia/transversal-knowledge-skills-and-competences
ESCO-TSC-SELFMGMT,"Self-management skills and competences","ESCO transversal Level-1 category: managing oneself, time, stress, adaptability, initiative and continuous learning.",HR-PERF,https://esco.ec.europa.eu/en/about-esco/escopedia/escopedia/transversal-knowledge-skills-and-competences
ESCO-TSC-SOCIAL,"Social and communication skills and competences","ESCO transversal Level-1 category: cooperation, negotiation, leadership, empathy and intercultural communication.",COMM-INT,https://esco.ec.europa.eu/en/about-esco/escopedia/escopedia/transversal-knowledge-skills-and-competences
ESCO-TSC-PHYSICAL,"Physical and manual skills and competences","ESCO transversal Level-1 category: dexterity, coordination, physical strength and manual handling competences.",OPS-LOG,https://esco.ec.europa.eu/en/about-esco/escopedia/escopedia/transversal-knowledge-skills-and-competences
ESCO-TSC-LIFE,"Life skills and competences","ESCO transversal Level-1 category: civic, financial, environmental and health-related life competences.",HR-PPL,https://esco.ec.europa.eu/en/about-esco/escopedia/escopedia/transversal-knowledge-skills-and-competences
ONET-2A1,"Content Skills (basic)","O*NET content-model 2.A.1: developed capacities that facilitate learning - Reading Comprehension, Active Listening, Writing, Speaking, Mathematics, Science.",COMM-WRITTEN,https://www.onetonline.org/find/descriptor/browse/2.A
ONET-2A2,"Process Skills (basic)","O*NET content-model 2.A.2: procedures that contribute to rapid knowledge acquisition - Critical Thinking, Active Learning, Learning Strategies, Monitoring.",HR-L&D,https://www.onetonline.org/find/descriptor/browse/2.A
ONET-2B1,"Social Skills (cross-functional)","O*NET content-model 2.B.1: developed capacities used to work with people to achieve goals - Coordination, Persuasion, Negotiation, Instructing, Service Orientation.",COMM-TEAM,https://www.onetonline.org/find/descriptor/browse/2.B
ONET-2B2,"Complex Problem Solving Skills (cross-functional)","O*NET content-model 2.B.2: developed capacities used to solve novel, ill-defined problems in complex real-world settings.",BUS-STRAT,https://www.onetonline.org/find/descriptor/browse/2.B
ONET-2B3,"Technical Skills (cross-functional)","O*NET content-model 2.B.3: developed capacities used to design, set up, operate and correct malfunctions involving machines or technological systems.",TECH-DEV,https://www.onetonline.org/find/descriptor/browse/2.B
ONET-2B4,"Systems Skills (cross-functional)","O*NET content-model 2.B.4: developed capacities used to understand, monitor and improve socio-technical systems - Judgment and Decision Making, Systems Analysis, Systems Evaluation.",OPS-PROC,https://www.onetonline.org/find/descriptor/browse/2.B
ONET-2B5,"Resource Management Skills (cross-functional)","O*NET content-model 2.B.5: developed capacities used to allocate resources efficiently - Time Management, Management of Financial/Material/Personnel Resources.",BUS-PM,https://www.onetonline.org/find/descriptor/browse/2.B
DIGCOMP-INFO,"Information and data literacy","DigComp 2.x competence area 1 (integrated into ESCO digital skills): browsing, evaluating and managing data, information and digital content.",DATA-ANA,https://esco.ec.europa.eu/en/about-esco/escopedia/escopedia/skills-pillar
DIGCOMP-COMM,"Communication and collaboration (digital)","DigComp 2.x competence area 2: interacting, sharing, collaborating and managing identity through digital technologies.",COMM-INT,https://esco.ec.europa.eu/en/about-esco/escopedia/escopedia/skills-pillar
DIGCOMP-CONTENT,"Digital content creation","DigComp 2.x competence area 3: developing, integrating and re-elaborating digital content, including programming and copyright awareness.",CREATIVE,https://esco.ec.europa.eu/en/about-esco/escopedia/escopedia/skills-pillar
DIGCOMP-SAFETY,"Safety (digital)","DigComp 2.x competence area 4: protecting devices, personal data, privacy, health and the environment in digital contexts.",TECH-SEC,https://esco.ec.europa.eu/en/about-esco/escopedia/escopedia/skills-pillar
DIGCOMP-PROBLEM,"Problem solving (digital)","DigComp 2.x competence area 5: solving technical problems and identifying digital competence gaps and needs.",TECH-INFRA,https://esco.ec.europa.eu/en/about-esco/escopedia/escopedia/skills-pillar
